timestamp,s01,s02
2000-01-01T00:00:00+00:00,0.684592,0.973677
2000-01-01T00:01:00+00:00,0.909024,0.388946
2000-01-01T00:02:00+00:00,0.907569,0.672207
2000-01-01T00:03:00+00:00,0.850014,0.006578
2000-01-01T00:04:00+00:00,0.013126,0.214780
2000-01-01T00:05:00+00:00,0.290811,0.660715
2000-01-01T00:06:00+00:00,0.571233,0.757393
2000-01-01T00:07:00+00:00,0.608812,0.367678
2000-01-01T00:08:00+00:00,0.089720,0.494794
2000-01-01T00:09:00+00:00,0.564072,0.438359
2000-01-01T00:10:00+00:00,0.339305,0.929949
2000-01-01T00:11:00+00:00,0.201267,0.620194
2000-01-01T00:12:00+00:00,0.385472,0.901021
2000-01-01T00:13:00+00:00,0.558954,0.298790
2000-01-01T00:14:00+00:00,0.580685,0.245835
2000-01-01T00:15:00+00:00,0.578500,0.935463
2000-01-01T00:16:00+00:00,0.609325,0.052475
2000-01-01T00:17:00+00:00,0.926003,0.902071
2000-01-01T00:18:00+00:00,0.339930,0.716202
2000-01-01T00:19:00+00:00,0.381093,0.897645
2000-01-01T00:20:00+00:00,0.575233,0.340369
2000-01-01T00:21:00+00:00,0.921848,0.969682
2000-01-01T00:22:00+00:00,0.733418,0.332799
2000-01-01T00:23:00+00:00,0.781209,0.689149
2000-01-01T00:24:00+00:00,0.296971,0.601413
2000-01-01T00:25:00+00:00,0.934991,0.066412
2000-01-01T00:26:00+00:00,0.574087,0.078713
2000-01-01T00:27:00+00:00,0.310961,0.331311
2000-01-01T00:28:00+00:00,0.516515,0.159229
2000-01-01T00:29:00+00:00,0.104654,0.274470
2000-01-01T00:30:00+00:00,0.353484,0.852493
2000-01-01T00:31:00+00:00,0.487731,0.674000
2000-01-01T00:32:00+00:00,0.898801,0.547350
2000-01-01T00:33:00+00:00,0.161304,0.681663
2000-01-01T00:34:00+00:00,0.973503,0.546136
2000-01-01T00:35:00+00:00,0.695031,0.083189
2000-01-01T00:36:00+00:00,0.827829,0.534911
2000-01-01T00:37:00+00:00,0.179037,0.141983
2000-01-01T00:38:00+00:00,0.490311,0.240087
2000-01-01T00:39:00+00:00,0.582834,0.659892
2000-01-01T00:40:00+00:00,0.354857,0.045256
2000-01-01T00:41:00+00:00,0.184918,0.924185
2000-01-01T00:42:00+00:00,0.028511,0.596828
2000-01-01T00:43:00+00:00,0.999787,0.579883
2000-01-01T00:44:00+00:00,0.195766,0.604477
2000-01-01T00:45:00+00:00,0.263442,0.474121
2000-01-01T00:46:00+00:00,0.336569,0.097535
2000-01-01T00:47:00+00:00,0.009550,0.892467
2000-01-01T00:48:00+00:00,0.862478,0.185072
2000-01-01T00:49:00+00:00,0.658024,0.232835
2000-01-01T00:50:00+00:00,0.590453,0.970399
2000-01-01T00:51:00+00:00,0.539148,0.508938
2000-01-01T00:52:00+00:00,0.409885,0.593591
2000-01-01T00:53:00+00:00,0.656482,0.901304
2000-01-01T00:54:00+00:00,0.376088,0.766337
2000-01-01T00:55:00+00:00,0.682020,0.479812
2000-01-01T00:56:00+00:00,0.010539,0.137185
2000-01-01T00:57:00+00:00,0.868813,0.781907
2000-01-01T00:58:00+00:00,0.783621,0.776786
2000-01-01T00:59:00+00:00,0.766550,0.942983
2000-01-01T01:00:00+00:00,0.359280,0.109190
2000-01-01T01:01:00+00:00,0.039347,0.453172
2000-01-01T01:02:00+00:00,0.703666,0.505046
2000-01-01T01:03:00+00:00,0.357780,0.152571
2000-01-01T01:04:00+00:00,0.717671,0.353534
2000-01-01T01:05:00+00:00,0.588802,0.968550
2000-01-01T01:06:00+00:00,0.893201,0.376132
2000-01-01T01:07:00+00:00,0.763776,0.349132
2000-01-01T01:08:00+00:00,0.789371,0.263195
2000-01-01T01:09:00+00:00,0.627241,0.947688
2000-01-01T01:10:00+00:00,0.970030,0.225703
2000-01-01T01:11:00+00:00,0.379460,0.634198
2000-01-01T01:12:00+00:00,0.157194,0.154668
2000-01-01T01:13:00+00:00,0.683330,0.812234
2000-01-01T01:14:00+00:00,0.593463,0.098753
2000-01-01T01:15:00+00:00,0.849115,0.288252
2000-01-01T01:16:00+00:00,0.473191,0.935529
2000-01-01T01:17:00+00:00,0.058175,0.186323
2000-01-01T01:18:00+00:00,0.707612,0.400693
2000-01-01T01:19:00+00:00,0.322945,0.260329
2000-01-01T01:20:00+00:00,0.046987,0.401350
2000-01-01T01:21:00+00:00,0.882783,0.763831
2000-01-01T01:22:00+00:00,0.620817,0.276526
2000-01-01T01:23:00+00:00,0.067486,0.564777
2000-01-01T01:24:00+00:00,0.272781,0.133902
2000-01-01T01:25:00+00:00,0.393912,0.853828
2000-01-01T01:26:00+00:00,0.397567,0.085755
2000-01-01T01:27:00+00:00,0.484460,0.999197
2000-01-01T01:28:00+00:00,0.708835,0.576367
2000-01-01T01:29:00+00:00,0.052532,0.501021
2000-01-01T01:30:00+00:00,0.638322,0.277440
2000-01-01T01:31:00+00:00,0.786886,0.894649
2000-01-01T01:32:00+00:00,0.982327,0.334957
2000-01-01T01:33:00+00:00,0.775600,0.371901
2000-01-01T01:34:00+00:00,0.913506,0.839730
2000-01-01T01:35:00+00:00,0.820142,0.815517
2000-01-01T01:36:00+00:00,0.759856,0.311471
2000-01-01T01:37:00+00:00,0.305935,0.028768
2000-01-01T01:38:00+00:00,0.997582,0.977872
2000-01-01T01:39:00+00:00,0.053880,0.348551
2000-01-01T01:40:00+00:00,0.274637,0.794614
2000-01-01T01:41:00+00:00,0.058033,0.923283
2000-01-01T01:42:00+00:00,0.368474,0.170392
2000-01-01T01:43:00+00:00,0.158070,0.281798
2000-01-01T01:44:00+00:00,0.490545,0.286478
2000-01-01T01:45:00+00:00,0.891946,0.149195
2000-01-01T01:46:00+00:00,0.955325,0.050771
2000-01-01T01:47:00+00:00,0.765826,0.038844
2000-01-01T01:48:00+00:00,0.014181,0.553181
2000-01-01T01:49:00+00:00,0.472078,0.465353
2000-01-01T01:50:00+00:00,0.674835,0.469087
2000-01-01T01:51:00+00:00,0.405288,0.864876
